{
    "Profiles": [
            {
                    "Name": "UP config",
                    "Guid": "2c250fcb-696d-4da9-96d2-39208ce8f832",
                    "Normal Font": "HackNerdFontComplete-Regular 12",
                    "Ansi 0 Color" : {
                        "Green Component" : 0.14426276087760925,
                        "Red Component" : 0.14143691956996918,
                        "Blue Component" : 0.15053671598434448
                    },
                    "Ansi 1 Color" : {
                        "Green Component" : 0.31627991795539856,
                        "Red Component" : 0.97344541549682617,
                        "Blue Component" : 0.10402031987905502
                    },
                    "Ansi 2 Color" : {
                        "Green Component" : 0.34296002984046936,
                        "Red Component" : 0.3373505175113678,
                        "Blue Component" : 0.27831113338470459
                    },
                    "Ansi 3 Color" : {
                        "Green Component" : 0.46487006545066833,
                        "Red Component" : 0.98015183210372925,
                        "Blue Component" : 0.11535728722810745
                    },
                    "Ansi 4 Color" : {
                        "Green Component" : 0.43941885232925415,
                        "Red Component" : 0.17289222776889801,
                        "Blue Component" : 0.71785867214202881
                    },
                    "Ansi 5 Color" : {
                        "Green Component" : 0.18027086555957794,
                        "Red Component" : 0.94309771060943604,
                        "Blue Component" : 0.30905923247337341
                    },
                    "Ansi 6 Color" : {
                        "Green Component" : 0.62958723306655884,
                        "Red Component" : 0.23519384860992432,
                        "Blue Component" : 0.6506531834602356
                    },
                    "Ansi 7 Color" : {
                        "Green Component" : 0.67805588245391846,
                        "Red Component" : 0.67807614803314209,
                        "Blue Component" : 0.67806732654571533
                    },
                    "Ansi 8 Color" : {
                        "Green Component" : 0.67639881372451782,
                        "Red Component" : 0.37070176005363464,
                        "Blue Component" : 0.42701557278633118
                    },
                    "Ansi 9 Color" : {
                        "Green Component" : 0.26325985789299011,
                        "Red Component" : 0.96806412935256958,
                        "Blue Component" : 0.098577044904232025
                    },
                    "Ansi 10 Color" : {
                        "Green Component" : 0.92402207851409912,
                        "Red Component" : 0.45642441511154175,
                        "Blue Component" : 0.29816234111785889
                    },
                    "Ansi 11 Color" : {
                        "Green Component" : 0.76383364200592041,
                        "Red Component" : 0.99029809236526489,
                        "Blue Component" : 0.14501926302909851
                    },
                    "Ansi 12 Color" : {
                        "Green Component" : 0.5783112645149231,
                        "Red Component" : 0.20126597583293915,
                        "Blue Component" : 0.79178959131240845
                    },
                    "Ansi 13 Color" : {
                        "Green Component" : 0.36914658546447754,
                        "Red Component" : 0.90653312206268311,
                        "Blue Component" : 0.30915015935897827
                    },
                    "Ansi 14 Color" : {
                        "Green Component" : 0.73764151334762573,
                        "Red Component" : 0.30890682339668274,
                        "Blue Component" : 0.90114670991897583
                    },
                    "Ansi 15 Color" : {
                        "Green Component" : 0.45165199041366577,
                        "Red Component" : 0.54871702194213867,
                        "Blue Component" : 0.35669818520545959
                    },
                    "Background Color" : {
                        "Green Component" : 0.10882643610239029,
                        "Red Component" : 0.1061948761343956,
                        "Blue Component" : 0.11468168348073959
                    },
                    "Bold Color" : {
                        "Green Component" : 0.80212491750717163,
                        "Red Component" : 0.80214893817901611,
                        "Blue Component" : 0.80213850736618042
                    },
                    "Cursor Color" : {
                        "Green Component" : 0.80212491750717163,
                        "Red Component" : 0.80214893817901611,
                        "Blue Component" : 0.80213850736618042
                    },
                    "Cursor Text Color" : {
                        "Green Component" : 0.10882643610239029,
                        "Red Component" : 0.1061948761343956,
                        "Blue Component" : 0.11468168348073959
                    },
                    "Foreground Color" : {
                        "Green Component" : 0.67805588245391846,
                        "Red Component" : 0.67807614803314209,
                        "Blue Component" : 0.67806732654571533
                    },
                    "Selected Text Color" : {
                        "Green Component" : 0.10882643610239029,
                        "Red Component" : 0.1061948761343956,
                        "Blue Component" : 0.11468168348073959
                    },
                    "Selection Color" : {
                        "Green Component" : 0.38094004988670349,
                        "Red Component" : 0.91622984409332275,
                        "Blue Component" : 0.32765018939971924
                    }
            }
    ]
}
