{
    "Profiles": [
        {
            "Name": "UP config",
            "Ansi 7 Color": {
                "Green Component": 0.6780558824539185,
                "Red Component": 0.6780761480331421,
                "Blue Component": 0.6780673265457153
            },
            "Tags": [
                "Dynamic"
            ],
            "Ansi 12 Color": {
                "Green Component": 0.5783112645149231,
                "Red Component": 0.20126597583293915,
                "Blue Component": 0.7917895913124084
            },
            "Ansi 8 Color": {
                "Green Component": 0.6763988137245178,
                "Red Component": 0.37070176005363464,
                "Blue Component": 0.4270155727863312
            },
            "Ansi 9 Color": {
                "Green Component": 0.2632598578929901,
                "Red Component": 0.9680641293525696,
                "Blue Component": 0.09857704490423203
            },
            "Bold Color": {
                "Green Component": 0.8021249175071716,
                "Red Component": 0.8021489381790161,
                "Blue Component": 0.8021385073661804
            },
            "Custom Directory": "No",
            "Normal Font": "HackNFM-Regular 11",
            "Rows": 300,
            "Default Bookmark": "No",
            "Non-ASCII Anti Aliased": true,
            "Use Bright Bold": true,
            "Ansi 10 Color": {
                "Green Component": 0.9240220785140991,
                "Red Component": 0.45642441511154175,
                "Blue Component": 0.2981623411178589
            },
            "Ambiguous Double Width": false,
            "Jobs to Ignore": [
                "rlogin",
                "ssh",
                "slogin",
                "telnet"
            ],
            "Ansi 15 Color": {
                "Green Component": 0.45165199041366577,
                "Red Component": 0.5487170219421387,
                "Blue Component": 0.3566981852054596
            },
            "Foreground Color": {
                "Green Component": 0.6780558824539185,
                "Red Component": 0.6780761480331421,
                "Blue Component": 0.6780673265457153
            },
            "Blinking Cursor": false,
            "Disable Window Resizing": true,
            "Sync Title": false,
            "Prompt Before Closing 2": false,
            "BM Growl": true,
            "Command": "",
            "Description": "Default",
            "Mouse Reporting": true,
            "Screen": -1,
            "Selection Color": {
                "Green Component": 0.3809400498867035,
                "Red Component": 0.9162298440933228,
                "Blue Component": 0.32765018939971924
            },
            "Columns": 800,
            "Idle Code": 0,
            "Ansi 13 Color": {
                "Green Component": 0.36914658546447754,
                "Red Component": 0.9065331220626831,
                "Blue Component": 0.30915015935897827
            },
            "Custom Command": "No",
            "ASCII Anti Aliased": true,
            "Non Ascii Font": "HackNFM-Regular 12",
            "Vertical Spacing": 1,
            "Use Bold Font": true,
            "Option Key Sends": 0,
            "Selected Text Color": {
                "Green Component": 0.10882643610239029,
                "Red Component": 0.1061948761343956,
                "Blue Component": 0.1146816834807396
            },
            "Background Color": {
                "Green Component": 0.10882643610239029,
                "Red Component": 0.1061948761343956,
                "Blue Component": 0.1146816834807396
            },
            "Character Encoding": 4,
            "Ansi 11 Color": {
                "Green Component": 0.7638336420059204,
                "Red Component": 0.9902980923652649,
                "Blue Component": 0.1450192630290985
            },
            "Use Italic Font": true,
            "Unlimited Scrollback": true,
            "Keyboard Map": {
                "0xf700-0x260000": {
                    "Action": 10,
                    "Text": "[1;6A"
                },
                "0x37-0x40000": {
                    "Action": 11,
                    "Text": "0x1f"
                },
                "0x32-0x40000": {
                    "Action": 11,
                    "Text": "0x00"
                },
                "0xf709-0x20000": {
                    "Action": 10,
                    "Text": "[17;2~"
                },
                "0xf70c-0x20000": {
                    "Action": 10,
                    "Text": "[20;2~"
                },
                "0xf729-0x20000": {
                    "Action": 10,
                    "Text": "[1;2H"
                },
                "0xf72b-0x40000": {
                    "Action": 10,
                    "Text": "[1;5F"
                },
                "0xf705-0x20000": {
                    "Action": 10,
                    "Text": "[1;2Q"
                },
                "0xf703-0x260000": {
                    "Action": 10,
                    "Text": "[1;6C"
                },
                "0xf700-0x220000": {
                    "Action": 10,
                    "Text": "[1;2A"
                },
                "0xf701-0x280000": {
                    "Action": 11,
                    "Text": "0x1b 0x1b 0x5b 0x42"
                },
                "0x38-0x40000": {
                    "Action": 11,
                    "Text": "0x7f"
                },
                "0x33-0x40000": {
                    "Action": 11,
                    "Text": "0x1b"
                },
                "0xf703-0x220000": {
                    "Action": 10,
                    "Text": "[1;2C"
                },
                "0xf701-0x240000": {
                    "Action": 10,
                    "Text": "[1;5B"
                },
                "0xf70d-0x20000": {
                    "Action": 10,
                    "Text": "[21;2~"
                },
                "0xf702-0x260000": {
                    "Action": 10,
                    "Text": "[1;6D"
                },
                "0xf729-0x40000": {
                    "Action": 10,
                    "Text": "[1;5H"
                },
                "0xf706-0x20000": {
                    "Action": 10,
                    "Text": "[1;2R"
                },
                "0x34-0x40000": {
                    "Action": 11,
                    "Text": "0x1c"
                },
                "0xf700-0x280000": {
                    "Action": 11,
                    "Text": "0x1b 0x1b 0x5b 0x41"
                },
                "0x2d-0x40000": {
                    "Action": 11,
                    "Text": "0x1f"
                },
                "0xf70e-0x20000": {
                    "Action": 10,
                    "Text": "[23;2~"
                },
                "0xf702-0x220000": {
                    "Action": 10,
                    "Text": "[1;2D"
                },
                "0xf703-0x280000": {
                    "Action": 11,
                    "Text": "0x1b 0x1b 0x5b 0x43"
                },
                "0xf700-0x240000": {
                    "Action": 10,
                    "Text": "[1;5A"
                },
                "0xf707-0x20000": {
                    "Action": 10,
                    "Text": "[1;2S"
                },
                "0xf70a-0x20000": {
                    "Action": 10,
                    "Text": "[18;2~"
                },
                "0x35-0x40000": {
                    "Action": 11,
                    "Text": "0x1d"
                },
                "0xf70f-0x20000": {
                    "Action": 10,
                    "Text": "[24;2~"
                },
                "0xf703-0x240000": {
                    "Action": 10,
                    "Text": "[1;5C"
                },
                "0xf701-0x260000": {
                    "Action": 10,